{"cameraMode":{"drawMode":0,"name":"Shaded","section":"Shading Mode"},"sceneLighting":true,"audioPlay":false,"sceneViewState":{"m_AlwaysRefresh":false,"showFog":true,"showSkybox":true,"showFlares":true,"showImageEffects":true,"showParticleSystems":true,"showVisualEffectGraphs":true,"m_FxEnabled":true},"in2DMode":false,"pivot":{"x":4.78626823425293,"y":15.753396987915039,"z":-1.7149741649627686},"rotation":{"x":0.07485304772853852,"y":-0.9219681024551392,"z":0.22593966126441956,"w":0.30565088987350466},"size":34.06147766113281,"orthographic":false}